{"DZA": "African States", "SWZ": "African States", "NAM": "African States", "AGO": "African States", "ETH": "African States", "NER": "African States", "BEN": "African States", "GAB": "African States", "NGA": "African States", "BWA": "African States", "GMB": "African States", "RWA": "African States", "BFA": "African States", "GHA": "African States", "STP": "African States", "BDI": "African States", "GIN": "African States", "SEN": "African States", "CPV": "African States", "GNB": "African States", "SYC": "African States", "CMR": "African States", "KEN": "African States", "SLE": "African States", "CAF": "African States", "LSO": "African States", "SOM": "African States", "TCD": "African States", "LBR": "African States", "ZAF": "African States", "COM": "African States", "LBY": "African States", "SSD": "African States", "COG": "African States", "MDG": "African States", "SDN": "African States", "CIV": "African States", "MWI": "African States", "TGO": "African States", "COD": "African States", "MLI": "African States", "TUN": "African States", "DJI": "African States", "MRT": "African States", "UGA": "African States", "EGY": "African States", "MUS": "African States", "TZA": "African States", "GNQ": "African States", "MAR": "African States", "ZMB": "African States", "ERI": "African States", "MOZ": "African States", "ZWE": "African States", "AFG": "Asia-Pacific States", "KGZ": "Asia-Pacific States", "WSM": "Asia-Pacific States", "BHR": "Asia-Pacific States", "LAO": "Asia-Pacific States", "SAU": "Asia-Pacific States", "BGD": "Asia-Pacific States", "LBN": "Asia-Pacific States", "SGP": "Asia-Pacific States", "BTN": "Asia-Pacific States", "MYS": "Asia-Pacific States", "SLB": "Asia-Pacific States", "BRN": "Asia-Pacific States", "MDV": "Asia-Pacific States", "LKA": "Asia-Pacific States", "KHM": "Asia-Pacific States", "MHL": "Asia-Pacific States", "SYR": "Asia-Pacific States", "CHN": "Asia-Pacific States", "FSM": "Asia-Pacific States", "TKM": "Asia-Pacific States", "CYP": "Asia-Pacific States", "MNG": "Asia-Pacific States", "THA": "Asia-Pacific States", "PRK": "Asia-Pacific States", "MMR": "Asia-Pacific States", "TLS": "Asia-Pacific States", "FJI": "Asia-Pacific States", "NRU": "Asia-Pacific States", "TON": "Asia-Pacific States", "IND": "Asia-Pacific States", "NPL": "Asia-Pacific States", "TUR": "Western European and other States", "IDN": "Asia-Pacific States", "OMN": "Asia-Pacific States", "IRN": "Asia-Pacific States", "PAK": "Asia-Pacific States", "TUV": "Asia-Pacific States", "IRQ": "Asia-Pacific States", "PLW": "Asia-Pacific States", "ARE": "Asia-Pacific States", "JPN": "Asia-Pacific States", "PNG": "Asia-Pacific States", "UZB": "Asia-Pacific States", "JOR": "Asia-Pacific States", "PHL": "Asia-Pacific States", "VUT": "Asia-Pacific States", "KAZ": "Asia-Pacific States", "QAT": "Asia-Pacific States", "VNM": "Asia-Pacific States", "KIR": "Asia-Pacific States", "KOR": "Asia-Pacific States", "YEM": "Asia-Pacific States", "KWT": "Asia-Pacific States", "ALB": "Eastern European States", "EST": "Eastern European States", "MDA": "Eastern European States", "ARM": "Eastern European States", "GEO": "Eastern European States", "ROU": "Eastern European States", "AZE": "Eastern European States", "HUN": "Eastern European States", "RUS": "Eastern European States", "BLR": "Eastern European States", "LVA": "Eastern European States", "SRB": "Eastern European States", "BIH": "Eastern European States", "LTU": "Eastern European States", "SVK": "Eastern European States", "BGR": "Eastern European States", "MNE": "Eastern European States", "SVN": "Eastern European States", "HRV": "Eastern European States", "MKD": "Eastern European States", "UKR": "Eastern European States", "CZE": "Eastern European States", "POL": "Eastern European States", "ATG": "Latin American and Caribbean States", "DMA": "Latin American and Caribbean States", "NIC": "Latin American and Caribbean States", "ARG": "Latin American and Caribbean States", "DOM": "Latin American and Caribbean States", "PAN": "Latin American and Caribbean States", "BHS": "Latin American and Caribbean States", "ECU": "Latin American and Caribbean States", "PRY": "Latin American and Caribbean States", "BRB": "Latin American and Caribbean States", "SLV": "Latin American and Caribbean States", "PER": "Latin American and Caribbean States", "BLZ": "Latin American and Caribbean States", "GRD": "Latin American and Caribbean States", "KNA": "Latin American and Caribbean States", "BOL": "Latin American and Caribbean States", "GTM": "Latin American and Caribbean States", "LCA": "Latin American and Caribbean States", "BRA": "Latin American and Caribbean States", "GUY": "Latin American and Caribbean States", "VCT": "Latin American and Caribbean States", "CHL": "Latin American and Caribbean States", "HTI": "Latin American and Caribbean States", "SUR": "Latin American and Caribbean States", "COL": "Latin American and Caribbean States", "HND": "Latin American and Caribbean States", "TTO": "Latin American and Caribbean States", "CRI": "Latin American and Caribbean States", "JAM": "Latin American and Caribbean States", "URY": "Latin American and Caribbean States", "CUB": "Latin American and Caribbean States", "MEX": "Latin American and Caribbean States", "VEN": "Latin American and Caribbean States", "AND": "Western European and other States", "ISL": "Western European and other States", "NOR": "Western European and other States", "AUS": "Western European and other States", "IRL": "Western European and other States", "PRT": "Western European and other States", "AUT": "Western European and other States", "ISR": "Western European and other States", "SMR": "Western European and other States", "BEL": "Western European and other States", "ITA": "Western European and other States", "ESP": "Western European and other States", "CAN": "Western European and other States", "LIE": "Western European and other States", "SWE": "Western European and other States", "DNK": "Western European and other States", "LUX": "Western European and other States", "CHE": "Western European and other States", "FIN": "Western European and other States", "MLT": "Western European and other States", "FRA": "Western European and other States", "MCO": "Western European and other States", "GBR": "Western European and other States", "DEU": "Western European and other States", "NLD": "Western European and other States", "USA": "Western European and other States", "GRC": "Western European and other States", "NZL": "Western European and other States"}