Series Name,Series Code,Country Name,Country Code,1990 [YR1990],2000 [YR2000],2015 [YR2015],2016 [YR2016],2017 [YR2017],2018 [YR2018],2019 [YR2019],2020 [YR2020],2021 [YR2021],2022 [YR2022],2023 [YR2023],2024 [YR2024]
Urban population growth (annual %),SP.URB.GROW,Afghanistan,AFG,1.85571181170975,1.62976951027536,3.9946261512183,3.40681271655218,3.72340281512711,3.87643265737667,3.995142834675,4.20421701305538,3.45660638746524,2.57685430442875,3.31956817544451,..
Urban population growth (annual %),SP.URB.GROW,Albania,ALB,2.54304254474964,0.742478629285177,1.48476433256912,1.54401448032371,1.54128496391169,1.31716210445698,1.07141354924368,0.85761092300088,0.443404480033808,0.0937160630163749,0.103888261229259,..
Urban population growth (annual %),SP.URB.GROW,Algeria,DZA,4.00149126215062,2.74548859179585,2.94518017888986,2.91440389811947,2.85842278444101,2.73542676149437,2.60849616986416,2.45244552744014,2.33291075552344,2.27333724769027,2.16013530926815,..
Urban population growth (annual %),SP.URB.GROW,American Samoa,ASM,4.00453365813688,1.58901860529836,-1.16166351215071,-1.24992083931883,-1.30131634767671,-1.34326368263516,-1.38897426158779,-0.890690429950734,-1.06402478171644,-1.7799461233888,-1.66736313388026,..
Urban population growth (annual %),SP.URB.GROW,Andorra,AND,3.66353316206088,-0.330644069583543,-2.25167681904918,-0.100423670765137,2.05725092579513,1.77886118254311,1.64230431991604,1.09967556581028,1.19816158893275,1.64366739605133,1.39189681969317,..
Urban population growth (annual %),SP.URB.GROW,Angola,AGO,7.270748570535,5.71683054079135,4.73841503151621,4.67837622857163,4.61048578809888,4.48889232229204,4.39479592182437,4.24238792701063,4.12708087985754,4.05935834515923,3.96828784846535,..
Urban population growth (annual %),SP.URB.GROW,Antigua and Barbuda,ATG,-0.178874924717884,0.554156539894263,0.0223718652357163,0.00894734488137922,0.013419516470233,0.0447187200011082,0.102777228253042,0.227521233077608,0.329211081209554,0.390088707791649,0.454656591089049,..
Urban population growth (annual %),SP.URB.GROW,Argentina,ARG,1.91900296581223,1.34649834969086,1.18505436466263,1.10433531557669,1.01430816498057,0.9547647881172,0.842521815308169,0.615028911928924,0.393904283014769,0.338668250794531,0.412511398836538,..
Urban population growth (annual %),SP.URB.GROW,Armenia,ARM,2.71927916548857,1.25121982182757,-0.348490854782715,-0.414956233127516,-0.398759026287479,-0.276805543475718,-0.108384839189024,0.114784996208381,0.213264169485576,0.456271083261192,0.988943162330427,..
Urban population growth (annual %),SP.URB.GROW,Aruba,ABW,3.71972368556136,0.156076367200097,1.17855765318792,0.952113058122467,0.242460453119476,0.430299647547312,0.582083641152141,-0.221045741194619,-0.432978826866365,0.0592492293772616,0.50431091343252,..
Urban population growth (annual %),SP.URB.GROW,Australia,AUS,1.44494161541517,0.984333804176905,1.55480059894141,1.67739012761928,1.76796847637971,1.62163632137038,1.60762467607999,1.36918474912152,0.281103300397357,1.41848597605496,2.59651054148607,..
Urban population growth (annual %),SP.URB.GROW,Austria,AUT,0.332494357748522,-0.220175991539749,1.44900148037757,1.41006179973647,1.02047862584527,0.835905515118155,0.81791060733558,0.812573160966703,0.85522683458329,1.39772647778413,1.45079761806141,..
Urban population growth (annual %),SP.URB.GROW,Azerbaijan,AZE,0.812999167273817,1.21344378120309,1.72630914534638,1.6774015137061,1.56477337981076,1.47340015238086,1.47506479033467,1.33544321101787,1.11098025254736,0.731066864167429,0.829623426118855,..
Urban population growth (annual %),SP.URB.GROW,"Bahamas, The",BHS,2.43884270759361,1.5352576687059,0.888340309268128,0.804637227510766,0.736468913850331,0.690302081173779,0.626154297400929,0.436411661000005,0.272739012533615,0.445687899183805,0.636692322975354,..
Urban population growth (annual %),SP.URB.GROW,Bahrain,BHR,3.66943638421828,2.63247625020907,4.24864268332958,3.9253101013904,5.40085877341545,0.244698631900271,-1.17492603076717,-0.65640718271533,2.29053811868368,1.47712259664154,3.51717332122987,..
Urban population growth (annual %),SP.URB.GROW,Bangladesh,BGD,4.44824137511541,3.48576902321487,3.17270852858097,3.12624427967519,3.03591935323805,2.95650246132498,2.93463203949941,2.87919726354917,2.80926009594233,2.9694492210023,3.12240139052793,..
Urban population growth (annual %),SP.URB.GROW,Barbados,BRB,-0.573729775187586,-1.12954993103028,-0.0217911150458336,0.0378446881469924,0.0951218605586042,0.154523269324991,0.211367051745541,0.280370819965527,0.336318091855952,0.309185774612246,0.328522453781608,..
Urban population growth (annual %),SP.URB.GROW,Belarus,BLR,0.79205803633102,0.233049857909096,0.767134235936024,0.707705042568411,0.497427219485653,0.37445941037949,0.36787841302964,0.130365174445911,-0.292441093106297,-0.285001724614092,-0.0378889286823575,..
Urban population growth (annual %),SP.URB.GROW,Belgium,BEL,0.386473447431904,0.308431312307231,0.623385919307908,0.550223217018871,0.428116624357897,0.496003003468172,0.581271660540823,0.469743864684139,0.450342912704155,0.844853229392313,0.950384414354421,..
Urban population growth (annual %),SP.URB.GROW,Belize,BLZ,1.79279112282374,2.86262709753386,2.25835506248216,2.51813622773007,2.53563793491545,2.13414137961463,1.77247035908524,1.62936052384221,1.53537255146447,2.27232068374172,2.51347586712573,..
Urban population growth (annual %),SP.URB.GROW,Benin,BEN,5.28648778776047,3.90968742073553,4.1183339894595,4.0864411043936,4.04037033261009,3.97012060680336,3.88908857828179,3.81346778255785,3.7362155649612,3.68845908680019,3.65892110963411,..
Urban population growth (annual %),SP.URB.GROW,Bermuda,BMU,0.749864004764586,0.694526488745174,-0.102367855986115,-0.0236382404794606,0.203106496014494,0.397146720463835,0.431459657274573,0.428052860400863,0.412307799470159,0.156108751379667,-0.0787967316952785,..
Urban population growth (annual %),SP.URB.GROW,Bhutan,BTN,7.33945304361705,6.57982869613815,2.99926104009519,2.89462432168,2.71818134172029,2.51244686356275,2.40280447232771,2.352867060913,2.3254675038052,2.26734009222369,2.20674778843308,..
Urban population growth (annual %),SP.URB.GROW,Bolivia,BOL,3.92959673463091,2.56718433488277,2.02403992475687,1.99287601481525,1.95755921923706,1.9315390070026,1.90659063320954,1.73433486670306,1.52003097648254,1.6667227345521,1.87469862115431,..
Urban population growth (annual %),SP.URB.GROW,Bosnia and Herzegovina,BIH,1.18490757744685,1.4568388479497,-0.598578118623811,-0.573941419673866,-0.533809637305533,-0.455371357057447,-0.445221117685672,-0.5830837631299,-0.841074692551029,-0.405486169899533,0.237555721395579,..
Urban population growth (annual %),SP.URB.GROW,Botswana,BWA,10.9083601723482,3.73641358606756,2.60638138400628,2.57153004926172,2.5432167614329,2.49899177526617,2.4626298225934,2.4391070283944,2.45029997857679,2.51212767740561,2.52661804914083,..
Urban population growth (annual %),SP.URB.GROW,Brazil,BRA,2.8510094875306,2.23613458971741,1.11637082854403,1.07859816711026,1.03807935231539,0.984230272153901,0.946124107128195,0.865727194353952,0.705193508220296,0.632380457299841,0.661693384781811,..
Urban population growth (annual %),SP.URB.GROW,British Virgin Islands,VGB,7.97199799196567,3.20883145515004,5.34244077988249,-1.01320524039771,-2.73378607537038,6.62369616839159,5.71651319449055,2.83738917367181,2.6294240532687,2.17661471380612,2.56431002543263,..
Urban population growth (annual %),SP.URB.GROW,Brunei Darussalam,BRN,3.09496552985544,2.86949763213542,1.73455643156108,1.68554158812922,1.62801685997772,1.56663490327512,1.50856559669376,1.45587269529869,1.34793845577816,1.18557757584319,1.15654639203009,..
Urban population growth (annual %),SP.URB.GROW,Bulgaria,BGR,-1.28716661945731,-0.171157650642926,-0.178845947012378,-0.244263619495968,-0.274061374886556,-0.269102082353336,-0.252969936337171,-0.151331327327057,-0.367953364506645,-3.024193356202,-2.56437566968173,..
Urban population growth (annual %),SP.URB.GROW,Burkina Faso,BFA,4.47576140237947,6.85779456692907,5.15064929255298,5.09532772657846,4.99446100529226,4.81423285463225,4.62642900284599,4.50506310726325,4.4235465026669,4.32761177142088,4.26678632913164,..
Urban population growth (annual %),SP.URB.GROW,Burundi,BDI,5.72349758048079,4.65721404345277,4.8007192010645,4.2560894713836,4.88509368930928,5.55234878967159,5.81429246362899,5.43519227322624,5.24545741839332,5.22753449487847,5.24135188951254,..
Urban population growth (annual %),SP.URB.GROW,Cabo Verde,CPV,8.16433496817607,3.26666692238088,0.77820693048639,0.781232715558594,0.799677913051154,0.820894914241387,0.835958240131416,0.799881341809422,1.05492144362266,1.25463672498316,1.14197941463865,..
Urban population growth (annual %),SP.URB.GROW,Cambodia,KHM,6.349523192565,2.21624001971543,3.2289998768107,3.21875910846645,3.12888268295913,3.00355407087565,3.02983500498635,3.24848708927416,3.26006381090021,3.12273860640243,3.08263634413407,..
Urban population growth (annual %),SP.URB.GROW,Cameroon,CMR,4.40753702572949,3.95452650790831,4.24847819886031,4.0844866458343,3.91291865960479,3.83495184580553,3.82981029624313,3.75830403082583,3.67132248902887,3.63007474244833,3.62850159233819,..
Urban population growth (annual %),SP.URB.GROW,Canada,CAN,1.53377878295106,1.40422595439655,0.810767765795248,1.18198361621277,1.25691855703268,1.50818215122913,1.54888498160661,1.18250319598657,0.665410421406294,1.93309418560619,3.06673671034865,..
Urban population growth (annual %),SP.URB.GROW,Cayman Islands,CYM,4.42349945118073,3.56640069722567,2.43357767472909,2.33773131582921,2.24869427399836,2.15526905432315,2.08009420729087,1.9954930548265,2.05206347593734,2.09324575309515,2.00104859136332,..
Urban population growth (annual %),SP.URB.GROW,Central African Republic,CAF,3.33014353796415,2.9675868348784,0.9253478271202,2.64863608782564,2.56705486529491,2.69337032730211,2.32139943454598,2.66269136345563,2.7468490868833,0.825222189936067,2.20022548035799,..
Urban population growth (annual %),SP.URB.GROW,Chad,TCD,3.7758399172492,3.6115300941486,3.82052406220294,3.85561792966495,4.10139499545107,4.23505270672833,4.16947447704361,4.21192992536692,4.54781770500045,4.63553158080495,5.82531496884789,..
Urban population growth (annual %),SP.URB.GROW,Channel Islands,CHI,0.780005519132935,0.428646645815749,0.340439336780839,0.157949844285375,0.214805919796507,0.381177394430637,0.473461647854349,0.461516811587449,0.463264413873156,0.491922863225493,0.548861437737257,..
Urban population growth (annual %),SP.URB.GROW,Chile,CHL,1.82105796800919,1.53934443297001,1.08683499963074,1.28036258815826,1.66170366915463,1.86993021866357,1.6892969407597,0.992286211575784,0.544039359617466,0.603909578780234,0.653315033293009,..
Urban population growth (annual %),SP.URB.GROW,China,CHN,4.30967848070248,3.64925271115854,2.84287054779151,2.77564176920889,2.739663820353,2.50340050353808,2.29017723362897,2.07814005779212,1.83853028231533,1.64948085688024,1.47276196539697,..
Urban population growth (annual %),SP.URB.GROW,Colombia,COL,2.75051493598735,2.21701592738222,1.30344447945465,1.42089303576829,1.87252030218757,2.25098695080975,2.18891859903695,1.83132885907728,1.48254202183083,1.44682584119146,1.49075099146876,..
Urban population growth (annual %),SP.URB.GROW,Comoros,COM,4.39614004504116,1.76326733276403,2.57534207876824,2.57335302660503,2.5675763309636,2.57939342875916,2.60873414749981,2.69952510207643,2.76651092589087,2.78238897718124,2.81678663890317,..
Urban population growth (annual %),SP.URB.GROW,"Congo, Dem. Rep.",COD,4.73494892155197,4.53483473787881,4.62115249532824,4.85891255216964,4.97128018053926,4.66039370108128,4.47895616014147,4.52663047033369,4.53754818935617,4.51704169871523,4.54729291863258,..
Urban population growth (annual %),SP.URB.GROW,"Congo, Rep.",COG,3.6292067374038,4.62552947424514,3.11764809548277,3.11803308579901,3.12176132204792,3.12413345034819,3.08697462379243,3.06933617644036,3.06122507867328,3.05788341972666,3.07461713826991,..
Urban population growth (annual %),SP.URB.GROW,Costa Rica,CRI,4.37124499313786,3.46677186840652,2.26793916710906,2.14046558623061,2.00005280065794,1.89247082125173,1.76164868750263,1.55718721536431,1.31498580923643,1.18436321506495,1.17092679691119,..
Urban population growth (annual %),SP.URB.GROW,Cote d'Ivoire,CIV,4.87432726893499,3.73125439724017,3.76253671743568,3.78071525131332,3.71054147997032,3.59306791869416,3.52097990967496,3.43748362465024,3.38653126936774,3.43381730472501,3.42625877898383,..
Urban population growth (annual %),SP.URB.GROW,Croatia,HRV,0.89993492470776,-0.555021490838623,-0.780126240739182,-0.645684487979674,-1.13978318653093,-0.817957433459591,-0.475620011209363,-0.353033842363428,-0.340876576787872,-0.0160809195781653,0.714458861937545,..
Urban population growth (annual %),SP.URB.GROW,Cuba,CUB,1.58225139839615,0.643664055877245,-0.0494221960456023,-0.0396730434260291,-0.096901134031998,-0.106383013343395,-0.123002625842953,-0.126584949334509,-0.359138359661853,-0.421229165868993,-0.203819289577405,..
Urban population growth (annual %),SP.URB.GROW,Curacao,CUW,-0.728323550974688,-3.46254083518543,1.21737163135625,0.970775319854354,0.242453239827214,-0.590340790898889,-1.24896688314182,-1.6372600489331,-1.70504559966404,-1.58398556951188,-1.43535736015763,..
Urban population growth (annual %),SP.URB.GROW,Cyprus,CYP,2.01957680179184,1.92556432454736,1.33529564684783,1.33655637488785,1.31045880869259,1.26500691815381,1.23873427765014,1.22713978516939,1.20238541601182,1.14399342381288,1.13027715289611,..
Urban population growth (annual %),SP.URB.GROW,Czechia,CZE,-0.306371411206707,-0.458662204702604,0.323237456440875,0.318529833159244,0.408265433696265,0.493103393300873,0.568457638590162,0.432440107651346,-1.60549820477896,1.79035953139551,2.01740811303079,..
Urban population growth (annual %),SP.URB.GROW,Denmark,DNK,0.24028513385848,0.350679180938332,0.839047238460703,0.912853068832918,0.7744611852936,0.629088602704045,0.494581334948344,0.430201637829091,0.574034304150868,0.931334143003829,0.885922245855764,..
Urban population growth (annual %),SP.URB.GROW,Djibouti,DJI,10.466158282659,3.20121841021859,1.87273424705729,1.82848703751209,1.7974842371035,1.7686232707715,1.73493869190671,1.69074746442994,1.64108758536696,1.61167297273418,1.60333600140127,..
Urban population growth (annual %),SP.URB.GROW,Dominica,DMA,1.86380051854102,-0.390612418132459,0.484936241131621,-0.716981111410118,-1.17877119719788,-0.0416137830852774,-0.00208114379670944,-0.0249771044508902,-0.122894919494924,-0.135567789004595,-0.0480141964236945,..
Urban population growth (annual %),SP.URB.GROW,Dominican Republic,DOM,2.59567291054261,2.95722262265937,2.29687538850437,2.21248501963256,2.14102816806794,2.06219993828868,1.95903142139026,1.90969130425222,1.85288286025913,1.71983731919158,1.60182120855048,..
Urban population growth (annual %),SP.URB.GROW,Ecuador,ECU,3.64948118005845,2.57388517478485,1.64725437513727,1.67238256437693,1.74329316011817,1.95259752680785,1.94756182037886,1.46216710714256,1.07775112371937,1.12092773423516,1.21567856360529,..
Urban population growth (annual %),SP.URB.GROW,"Egypt, Arab Rep.",EGY,2.62417655219833,2.27080020369678,1.97279340847829,1.91073096804012,1.93497312387388,1.89479603052509,1.8158401161218,1.74891361285831,1.67528731827502,1.73076817143477,1.9974045898278,..
Urban population growth (annual %),SP.URB.GROW,El Salvador,SLV,2.94434541009828,1.44355692664175,1.52779879275123,1.41920137708974,1.29701617845982,1.14491099970269,1.03918478895891,1.15329630026358,1.25153901684223,1.26326826892377,1.29931928796292,..
Urban population growth (annual %),SP.URB.GROW,Equatorial Guinea,GNQ,6.64292104132108,8.87723690817157,4.54927495120432,4.40070149564992,4.24287291803783,4.09073942257675,3.94009438870338,3.38309802898097,3.06421532480558,3.12155254970873,3.00059371171393,..
Urban population growth (annual %),SP.URB.GROW,Eritrea,ERI,5.86131874864962,4.7930248574555,1.95999348296268,2.22709165693129,2.41185697010097,2.91913575004513,3.03932189267754,3.11175521633945,3.3053334611833,3.26640460411089,3.26662457338217,..
Urban population growth (annual %),SP.URB.GROW,Estonia,EST,-0.191542944102542,0.23183289495095,0.280631504498476,0.243716597134148,0.345466678877461,0.58496349021078,0.619441069729559,0.455068187892435,0.37423841895352,1.61568487394671,1.86583069147589,..
Urban population growth (annual %),SP.URB.GROW,Eswatini,SWZ,6.0446621455,0.450102467606204,1.22158940839941,1.26434219353375,1.45818699349613,1.65602162191181,1.69409492966796,1.87281947331991,1.97145464235984,1.86192617328738,1.8131402439995,..
Urban population growth (annual %),SP.URB.GROW,Ethiopia,ETH,5.62948714888912,4.34500229080265,4.92296117763282,4.93732248133739,4.93560474038724,4.902671709763,4.89195870100008,4.90098075959213,4.85635736074692,4.79518758982735,4.7687973203655,..
Urban population growth (annual %),SP.URB.GROW,Faroe Islands,FRO,0.0753398891839879,2.66357358495276,1.30009987629641,1.48201415739648,1.76511849292447,1.97252482277385,1.92979535679976,1.89774485353794,1.84037911214324,1.64693672944106,1.46239165296726,..
Urban population growth (annual %),SP.URB.GROW,Fiji,FJI,2.76676506576782,1.90957881554262,1.04442254392198,0.989713166397737,0.869557054065294,0.731499424371365,0.639553914091643,0.879013592745703,1.04834508377538,1.13857143347044,1.34014026501112,..
Urban population growth (annual %),SP.URB.GROW,Finland,FIN,1.2987819794263,0.496415301116337,0.388059711338671,0.346086567723842,0.293287960802983,0.199422968266274,0.185101615266816,0.226703842004207,0.299633189629648,0.371193268862735,0.606513995626282,..
Urban population growth (annual %),SP.URB.GROW,France,FRA,0.690466474073109,1.02564227688628,0.683771061907009,0.592247248892875,0.618752778579461,0.687212829279783,0.661441007392893,0.653594576371169,0.686091869029281,0.655100354084571,0.654577589532647,..
Urban population growth (annual %),SP.URB.GROW,French Polynesia,PYF,1.63086366054259,1.42884674546062,0.614500590558929,0.553901993346366,0.405910278601818,-0.0161816973797723,-0.177592711578353,0.188573434641109,0.355354920865781,0.37647292623702,0.453331209602455,..
Urban population growth (annual %),SP.URB.GROW,Gabon,GAB,4.71402791816903,3.57533207755421,3.6460257578267,3.36405563663691,3.12864468000387,2.97875972110179,2.88703771951207,2.77959614401428,2.67282990801668,2.59209242863381,2.52244137110592,..
Urban population growth (annual %),SP.URB.GROW,"Gambia, The",GMB,7.07143300738235,4.65139993488064,3.92319462378121,3.78647380436268,3.65599529854444,3.5241766645087,3.42923825375979,3.41434689902945,3.38521135055399,3.31149047585316,3.26756299225818,..
Urban population growth (annual %),SP.URB.GROW,Georgia,GEO,-0.460359303760107,-2.40145855729194,0.822919001311653,0.734644621724621,0.692303719304226,0.647230647092237,0.520212544414782,0.767418223605685,0.322666414327491,0.812214346055553,0.790868644713921,..
Urban population growth (annual %),SP.URB.GROW,Germany,DEU,1.05636514177316,0.411941893833571,0.87865693932128,0.838301068113641,0.421625391544917,0.366515155973305,0.30826693577482,0.181157523178267,0.15974977086524,0.854901972242501,-0.469486567569313,..
Urban population growth (annual %),SP.URB.GROW,Ghana,GHA,4.55273436480377,4.22290349838167,3.54801379329855,3.49458936234245,3.39004130859019,3.24682930508169,3.15531782740041,3.11759647032636,3.06193907247564,3.00091553674379,2.96586184472786,..
Urban population growth (annual %),SP.URB.GROW,Gibraltar,GIB,-1.2567752734271,0.0613707353064771,1.1514231987378,1.39117589725216,1.72897993589869,1.76273395885819,1.81957598739227,1.89493160765265,1.87597072209458,2.01706920456894,2.26613272520816,..
Urban population growth (annual %),SP.URB.GROW,Greece,GRC,1.32121233166716,0.572820545681015,-0.21712848445539,0.0200565633644638,0.231212226024939,0.220496953517559,0.311210821229905,0.196455024141376,-0.812424226977769,-0.862125324883886,0.0921861438668154,..
Urban population growth (annual %),SP.URB.GROW,Greenland,GRL,0.966015811712508,0.329813441256315,-0.0207026479426003,0.423549976685475,0.261497271513681,0.0143933708494783,0.631266058920437,0.515575355211467,0.763370214035138,0.265909384941014,0.601722737379065,..
Urban population growth (annual %),SP.URB.GROW,Grenada,GRD,0.989526398281993,1.37285108661599,0.639150625964158,0.603793646935483,0.521153478499045,0.516068520816814,0.591626317302283,0.698775270160501,0.724292647743113,0.665738026791263,0.66133525039122,..
Urban population growth (annual %),SP.URB.GROW,Guam,GUM,1.8217893757059,1.31268977009462,-0.262019234376361,-0.320608852674364,-0.366842762666587,-0.411637745096663,-0.45372482576136,0.299897114883162,1.04550606967918,0.961499735551839,0.878533071241645,..
Urban population growth (annual %),SP.URB.GROW,Guatemala,GTM,3.59181913178461,3.12189616253033,2.50919191144852,2.53654278967976,2.53363235557462,2.40127093970808,2.27190157664079,2.24020470499485,2.16669229715685,2.2088241693247,2.35678133401057,..
Urban population growth (annual %),SP.URB.GROW,Guinea,GIN,4.47798012869824,2.8529536921369,3.40322673847374,3.47057619243144,3.49123937701277,3.50864116909519,3.55220301194189,3.57356648941391,3.55549711935691,3.56081691702057,3.5629393235652,..
Urban population growth (annual %),SP.URB.GROW,Guinea-Bissau,GNB,6.69350494769796,3.05554842986618,3.54374125753219,3.48021761897316,3.400383622098,3.33571429551539,3.29805387653319,3.24153425934589,3.18711581618544,3.188153532188,3.18447485905648,..
Urban population growth (annual %),SP.URB.GROW,Guyana,GUY,-0.964496342573246,-0.260299491219169,0.703765056090793,0.781471189132794,0.854878624953705,3.21444185055872,2.32646668363568,0.339933174393244,1.39936907250899,1.21579427773376,1.08898063007985,..
Urban population growth (annual %),SP.URB.GROW,Haiti,HTI,6.01223687333817,3.56845787732919,3.32852793749237,3.23003668921055,3.12513447297475,3.02829345922451,2.93418107577263,2.82305775626169,2.67886123845421,2.59387849405477,2.56761090141571,..
Urban population growth (annual %),SP.URB.GROW,Honduras,HND,4.04430538193194,3.85195031990992,3.09076756242265,3.04539167966445,2.99732549147112,2.95540941918532,2.91492812301778,2.83823698198369,2.73011393903691,2.71913149858902,2.73638358718146,..
Urban population growth (annual %),SP.URB.GROW,"Hong Kong SAR, China",HKG,0.747269786451113,0.881594075853745,0.851197911086988,0.619366345332479,0.768513877614955,0.800230596967774,0.739283471323064,-0.358932661902885,-0.911776749148241,-0.907914524343304,2.55352466697343,..
Urban population growth (annual %),SP.URB.GROW,Hungary,HUN,-0.990578862198139,-0.456240196646938,0.150141441052492,0.0998444370776508,0.133177104564375,0.279085901553299,0.364540979606319,0.200015935521489,0.0065434189729684,-0.252967231406892,-0.11350997090625,..
Urban population growth (annual %),SP.URB.GROW,Iceland,ISL,1.02707211923687,1.51427858666661,1.07716078295576,1.42539705253955,2.38588402314435,2.72089370362867,2.24361872841293,1.66888608598117,1.68836433069136,2.5648362557588,2.98006180588831,..
Urban population growth (annual %),SP.URB.GROW,India,IND,3.16491949005405,2.65589005019685,2.39911321515385,2.41968056155422,2.41424679769757,2.3689412065142,2.33050520161306,2.28185236741633,2.15090056523008,2.13449924103946,2.2455122213564,..
Urban population growth (annual %),SP.URB.GROW,Indonesia,IDN,4.91254143662112,4.35556512633582,2.40223068046307,2.33449995855216,2.25568566083503,2.18084345617618,2.12149603339944,2.01473168365062,1.84390014075357,1.86388471386906,1.93789941893792,..
Urban population growth (annual %),SP.URB.GROW,"Iran, Islamic Rep.",IRN,3.86749802685171,2.61314271369916,2.0839567703066,2.14254386819102,2.13201771925416,1.95043638166058,1.7343891747768,1.40737372199086,1.44987617707297,1.80432788779379,1.7882561167454,..
Urban population growth (annual %),SP.URB.GROW,Iraq,IRQ,0.977825073321733,3.35639210921119,2.96050399848452,2.63862625543019,2.49271266695489,2.60944201667522,2.56548245079068,2.52312087115885,2.55955743937947,2.62358261772982,2.59425805554294,..
Urban population growth (annual %),SP.URB.GROW,Ireland,IRL,0.304190815267071,1.7481026700676,1.26196353364427,1.44654704678436,1.42284687903925,1.5925156797727,1.73892417508637,1.41948630978966,1.35995965293866,3.02229103119917,3.14986577070132,..
Urban population growth (annual %),SP.URB.GROW,Isle of Man,IMN,1.6397981297531,1.17239449102974,-0.199009592976311,0.0366291984590377,0.390638882118914,0.479922677984639,0.461821389930874,0.43496457024713,0.386048870168687,0.39795263679034,0.434149249788947,..
Urban population growth (annual %),SP.URB.GROW,Israel,ISR,3.20975379272213,2.71253095110511,2.06268495608919,2.04385516915739,2.02540415954727,2.01538441058595,1.99875843898331,1.85660692988223,1.77582010094248,2.06236414794182,2.15982350087407,..
Urban population growth (annual %),SP.URB.GROW,Italy,ITA,0.0537393805274748,0.134599938879629,0.325701454305887,0.24612722181536,0.262998539787345,0.228197851468404,-0.730852392108029,-0.0596580808105052,-0.0843723464907017,0.232653944597574,0.405799964250842,..
Urban population growth (annual %),SP.URB.GROW,Jamaica,JAM,1.17101170454314,1.15808475860814,0.769065470663356,0.745176742821386,0.714849379821399,0.686849115248824,0.669511103640605,0.844766215984962,0.848762646607391,0.677901870843791,0.669532306200762,..
Urban population growth (annual %),SP.URB.GROW,Japan,JPN,0.494834367912387,0.327609574744949,-0.0218270263170706,0.0319961980437917,0.00337544077423152,-0.0384280781568938,-0.0510014914514158,-0.202631222664941,-0.367384540062546,-0.348106762186141,-0.391718017575944,..
Urban population growth (annual %),SP.URB.GROW,Jordan,JOR,9.46050689796252,2.0879300261782,8.50202852958686,4.99986029157809,2.51752102248787,2.45945636176426,2.22935281597454,2.03088879510048,2.06145738732205,1.92065387694319,1.82220601954345,..
Urban population growth (annual %),SP.URB.GROW,Kazakhstan,KAZ,0.758085399637425,0.422427366985256,1.6201186154878,1.66091585123664,1.68357559507284,1.65455952059941,1.64642156999099,1.63632681168988,1.59301562092579,1.75502319352025,1.78953599983626,..
Urban population growth (annual %),SP.URB.GROW,Kenya,KEN,5.02324432126322,4.74718519800371,3.94487350039317,3.93489984020435,3.90960950314123,3.77740798679474,3.71313408337553,3.72051653733233,3.66365845337805,3.69361253636453,3.7532812126178,..
Urban population growth (annual %),SP.URB.GROW,Kiribati,KIR,3.14950015448976,5.04833953318823,2.93661144603217,3.01065689870959,3.04136655896574,2.97432271564637,2.92225919899974,3.11640155596122,3.11489542914237,2.89191884535261,2.79365166014843,..
Urban population growth (annual %),SP.URB.GROW,"Korea, Dem. People's Rep.",PRK,1.72233396201421,0.845109503720679,0.778909363697641,0.795782243337037,0.799660891008388,0.796089442053611,0.788732546679954,0.775016374519922,0.785001237782668,0.802922340432274,0.793945560885064,..
Urban population growth (annual %),SP.URB.GROW,"Korea, Rep.",KOR,3.3086487267101,1.13428440765118,0.437904532582115,0.30861280632646,0.208604619717282,0.37951853428273,0.312269897922803,0.118218402592122,-0.128759359504165,-0.171518358139427,0.113085223805968,..
Urban population growth (annual %),SP.URB.GROW,Kosovo,XKX,..,..,..,..,..,..,..,..,..,..,..,..
Urban population growth (annual %),SP.URB.GROW,Kuwait,KWT,-27.4564857087703,2.97664343212232,4.49910219971801,4.32594906785888,3.69493434034851,3.9801548230671,2.71071332448015,-0.951064116715736,-0.899478872255975,5.11318110910574,5.58813678140227,..
Urban population growth (annual %),SP.URB.GROW,Kyrgyz Republic,KGZ,1.16580629850822,1.18423826007616,2.64439708625603,2.68102192990861,2.63480191885335,2.75097837407132,2.90042588875303,2.7699928570785,2.61959881045725,2.63806503502602,2.67307466988605,..
Urban population growth (annual %),SP.URB.GROW,Lao PDR,LAO,5.06628339598341,6.26921186151507,3.35189729457281,3.44219717909211,3.42636437499006,3.38741742630028,3.34039864576983,3.28674060692747,3.21396604988591,3.16206769642856,3.11976430006952,..
Urban population growth (annual %),SP.URB.GROW,Latvia,LVA,-0.0705193991441382,-1.18848873897458,-0.777437303718408,-0.853577171409638,-0.806909776930881,-0.680734206500191,-0.577885980172143,-0.564991479672492,-0.688264282628012,-0.097613368831783,0.0877632419937328,..
Urban population growth (annual %),SP.URB.GROW,Lebanon,LBN,2.39353472073423,1.85931470245481,2.13833671688558,-2.15401336728154,-2.42606235590231,-2.71355418680384,-3.03230311129403,-1.41590063039833,0.464108986061298,0.649575776446852,0.693890917023086,..
Urban population growth (annual %),SP.URB.GROW,Lesotho,LSO,5.86918492680173,2.67742978659584,2.69242283546844,2.72738794630613,2.74562340847405,2.73457019186157,2.69741012907023,2.72229032998253,2.6931983702072,2.63878019905954,2.66727834152871,..
Urban population growth (annual %),SP.URB.GROW,Liberia,LBR,-7.60507198596425,4.47936587572937,2.91566480174499,2.91045442773993,2.82093718341218,2.84797085438381,2.88529100079219,2.98897255275152,3.03587216554747,3.07535094573682,3.14548895634595,..
Urban population growth (annual %),SP.URB.GROW,Libya,LBY,2.40000263137445,1.7881498857893,1.94362897760196,1.86402253223686,1.94284682158993,1.97975819498904,1.84058940324396,1.71844443380739,1.64100769478497,1.61405310780535,1.49995790626406,..
Urban population growth (annual %),SP.URB.GROW,Liechtenstein,LIE,0.680625500545459,-0.565315456672564,0.59846821601641,0.594907870930977,0.720291229405802,0.915925069591202,1.05206847407186,1.18387032915022,1.09949680073718,1.24442934458391,1.45255882662645,..
Urban population growth (annual %),SP.URB.GROW,Lithuania,LTU,0.280733488937383,-0.792940722309791,-0.759129788432856,-1.0686342214764,-1.17585729154485,-0.713094844211595,-0.00495778237441003,0.307812540206833,0.510732875843169,1.40965451493969,1.73476573997127,..
Urban population growth (annual %),SP.URB.GROW,Luxembourg,LUX,1.32089927091705,2.26003451290749,2.68753135102057,2.46649296367326,2.72571786341686,2.20836515702366,2.22856573933619,1.91806924095046,1.75746552951904,2.24454734230888,2.2340642076635,..
Urban population growth (annual %),SP.URB.GROW,"Macao SAR, China",MAC,3.03583892340765,0.74592420452155,3.35315298723492,1.48219480492074,-0.630334933532746,1.60639880582531,1.96865626033754,1.9744268917359,-0.424008238139362,-0.764822083825685,0.221222713921319,..
Urban population growth (annual %),SP.URB.GROW,Madagascar,MDG,5.29146272122125,4.16604797825265,4.52976632082429,4.4797360212778,4.44383962041612,4.4185471015423,4.38683865635037,4.32973046680441,4.24681016075202,4.1890532456476,4.13788150566504,..
Urban population growth (annual %),SP.URB.GROW,Malawi,MWI,6.72964666749082,3.00223216139375,3.86932637414096,3.90209870611085,3.96037846870534,3.99656064491563,4.0402123849627,4.09814807187116,4.1202784194144,4.16573989143841,4.2261107197758,..
Urban population growth (annual %),SP.URB.GROW,Malaysia,MYS,4.53166065049021,4.35759812582193,2.59387758927641,2.60862756050689,2.57245497784584,2.47939566982969,2.34461893592848,2.05290805180513,1.84477268416162,1.8622597297284,1.87380714644276,..
Urban population growth (annual %),SP.URB.GROW,Maldives,MDV,3.30831445327085,3.73293933764447,4.55785449987142,4.57537101050229,4.41062656612564,4.26198709245255,4.12035901488311,3.97246450868966,3.8164283391555,2.579224173437,1.40129739627328,..
Urban population growth (annual %),SP.URB.GROW,Mali,MLI,3.79859658588333,5.44884488793977,5.13689297908943,5.12810356114578,5.10439590900397,4.99374218734009,4.84292834522132,4.79365250686712,4.79431006471235,4.69621633954229,4.61550124425268,..
Urban population growth (annual %),SP.URB.GROW,Malta,MLT,1.10668795104194,0.952299180882739,2.45741023637283,2.35849560810573,2.80849999019216,3.56178437178253,4.00115780679613,2.28082497535478,0.6894819480313,2.53996252968534,3.98729273841643,..
Urban population growth (annual %),SP.URB.GROW,Marshall Islands,MHL,2.88983927981339,1.76975230216972,-1.45439545420445,-1.71205315818263,-1.97437860885102,-2.19458765051634,-2.36117246098833,-2.5145472754968,-2.7154026647881,-2.71172240367855,-2.72524515840926,..
Urban population growth (annual %),SP.URB.GROW,Mauritania,MRT,2.21872426618874,2.46121526164278,4.75553685065394,4.69230911032161,4.63305385485889,4.56614863977079,4.49727036888057,4.41408050292818,4.33334289291661,4.3271236558665,4.32055383914301,..
Urban population growth (annual %),SP.URB.GROW,Mauritius,MUS,1.434720590327,0.694890998843174,-0.13799428017873,-0.150950134917414,-0.0787545597893268,-0.0629321157536916,-0.034096699343667,-0.0124016827692205,0.0621867074163359,-0.215590864284297,0.0221233357458724,..
Urban population growth (annual %),SP.URB.GROW,Mexico,MEX,2.5679471378146,1.91949543222186,1.43853573514861,1.33673950862462,1.29900393427581,1.30780055382599,1.30879930942112,1.17658908938747,1.01980862914655,1.10305152269145,1.21844174097919,..
Urban population growth (annual %),SP.URB.GROW,"Micronesia, Fed. Sts.",FSM,1.62951373324144,-1.53498303868262,0.546281111256442,0.641040922922566,0.733970570579439,0.81281632113002,0.818188196649822,1.09895559884808,1.22302979990312,1.08539276022815,1.15352105991562,..
Urban population growth (annual %),SP.URB.GROW,Moldova,MDA,0.0639328339136229,-1.10310446057351,-0.781168726225044,-1.11364046680987,-1.61885754537528,-1.58794351805787,-1.37309834532039,-0.81052095293669,-1.1563087994258,-2.21492294880021,-2.38059914214469,..
Urban population growth (annual %),SP.URB.GROW,Monaco,MCO,0.906660524051086,0.138749733197593,1.7260495743784,1.40210042123736,1.07266818197735,1.2554231770143,-0.118012680389237,-0.15493904017385,1.24582098923186,1.04315542231896,0.064195567574974,..
Urban population growth (annual %),SP.URB.GROW,Mongolia,MNG,-1.2854004844424,2.2238000064706,2.22688601040447,2.12553438128167,2.02236210558109,1.98468572613288,1.98022254676725,1.97158583219422,1.87122859711666,1.67761691166688,1.60130161692156,..
Urban population growth (annual %),SP.URB.GROW,Montenegro,MNE,2.39241538322022,1.59440537638767,0.566550161322711,0.530807626226144,0.518095695405891,0.480793341517984,0.471071314508919,0.385902971026084,0.161802886032932,0.173902123395279,0.326763942387827,..
Urban population growth (annual %),SP.URB.GROW,Morocco,MAR,3.3149906894509,2.02080396971507,2.08432184594373,2.09654242219974,2.08946822710591,1.9801285207401,1.89274517051723,1.87607834808244,1.84236516332963,1.8340662438461,1.83140986059669,..
Urban population growth (annual %),SP.URB.GROW,Mozambique,MOZ,7.43998099591199,2.81726425871172,4.43013100271667,4.44815605892365,4.49174088770304,4.47302549037397,4.42908881886179,4.44858159922436,4.44103511029668,4.42201470811035,4.42488447980762,..
Urban population growth (annual %),SP.URB.GROW,Myanmar,MMR,2.21675324168625,1.79280242330349,1.49974044023539,1.54021058329061,1.56695668591704,1.56842863488972,1.5912370371944,1.6437449023718,1.67757063193085,1.71192856243818,1.76646378575273,..
Urban population growth (annual %),SP.URB.GROW,Namibia,NAM,6.99573639563166,3.97785917828371,4.96957446782206,4.93430702461114,4.8886588548789,4.84651654939174,4.79793255765283,4.83315963768481,4.80394044290597,4.55426687204043,4.21840178019346,..
Urban population growth (annual %),SP.URB.GROW,Nauru,NRU,2.44068500570903,-0.186686372077639,1.95433948782621,1.77348115445981,1.54848693435255,1.34206654488781,0.953874731639391,0.482136103995375,0.565263581170869,0.782649677702407,0.625107627709329,..
Urban population growth (annual %),SP.URB.GROW,Nepal,NPL,6.01885886557529,5.84551443320887,2.5866258441491,2.52616206570042,2.25808194952053,2.31184357491537,3.2543730808579,4.00305088799219,3.81782390716041,2.89917911260204,2.01513713974575,..
Urban population growth (annual %),SP.URB.GROW,Netherlands,NLD,1.25510546084429,1.71592210438949,0.980296200244103,1.04321719129238,1.07768610579971,1.03637503912155,1.0760840670841,0.946610706564147,0.887108129015578,1.29190256441993,1.30508540805584,..
Urban population growth (annual %),SP.URB.GROW,New Caledonia,NCL,2.78070295878249,2.653247552093,1.33639354076557,0.725250929650479,0.664323755105315,0.604071172231584,0.616809974064783,0.781446929312991,0.931988713652033,1.22190850774691,1.49553633018837,..
Urban population growth (annual %),SP.URB.GROW,New Zealand,NZL,1.20209777275256,0.680613208426653,2.10555797347703,2.31433399944735,2.16508323721803,1.87447889970609,1.68010110761429,2.30171316283647,0.517426575344994,0.224767418115514,2.16455883941835,..
Urban population growth (annual %),SP.URB.GROW,Nicaragua,NIC,2.86049591030466,1.64591138482384,1.69505930189628,1.68094777282944,1.69099517456956,1.70055479666445,1.7032801962914,1.67878038899313,1.65131592753439,1.75422322133745,1.86244968044469,..
Urban population growth (annual %),SP.URB.GROW,Niger,NER,3.59486155428787,3.98127027205572,3.86889568088878,3.93857855402125,3.92771076677707,3.90855007626157,3.92511599082281,3.95752414246888,4.0032717563914,4.10178162007576,4.23751659643658,..
Urban population growth (annual %),SP.URB.GROW,Nigeria,NGA,5.56696586727896,4.22481588137071,4.34174834833144,4.22279093532117,4.13436400338952,3.96447397333471,3.79639032434636,3.68393418210316,3.60141045433703,3.55143301410608,3.51208939849018,..
Urban population growth (annual %),SP.URB.GROW,North Macedonia,MKD,1.11275601987196,0.0990892723551782,-0.0514492068820931,-0.0507466464123496,-0.0815948138207409,-0.135530623053872,-0.257511735352737,-0.609562818962546,-0.51093087065092,0.268721166237247,0.395845937177923,..
Urban population growth (annual %),SP.URB.GROW,Northern Mariana Islands,MNP,5.03585941506176,3.76161333366001,-1.18709545174003,-1.35631558273125,-1.52137924375053,-1.68490037308667,-1.85188399120361,-1.15761022904499,-1.06223420708491,-1.83517125349552,-1.94884071328326,..
Urban population growth (annual %),SP.URB.GROW,Norway,NOR,0.522200916898825,1.24407427476763,1.48833777988021,1.36567886021458,1.28024610929856,1.11953281162056,1.12148861779611,1.0211550755444,0.954484087915797,1.30682716607906,1.53302877123008,..
Urban population growth (annual %),SP.URB.GROW,Oman,OMN,7.76253389400156,1.26077835130911,5.95009219479117,6.20849803585934,4.55907863529928,2.48893904260005,0.9192252122478,-0.538397287421525,0.396947566423394,5.78794324429313,7.26507277357034,..
Urban population growth (annual %),SP.URB.GROW,Pakistan,PAK,4.16074843887093,3.42994653492676,1.97874375602475,1.8778640258551,1.98650468544359,2.23650940273791,2.3470049177874,2.50037360704913,2.62399754218918,2.52223603295046,2.3644243253433,..
Urban population growth (annual %),SP.URB.GROW,Palau,PLW,2.58515850979259,1.10325382908736,1.13682843386363,0.938772167236221,0.823985341095125,0.725994378146228,0.58121377858904,0.605619476604906,0.560574498179403,0.447582086499559,0.363474665502615,..
Urban population growth (annual %),SP.URB.GROW,Panama,PAN,2.88653761191024,3.17227011598116,2.21886746385507,2.22370332144119,2.21622647042636,2.18245451482068,2.10655901318316,1.89369096250351,1.73349662550641,1.79687787996599,1.84420650057493,..
Urban population growth (annual %),SP.URB.GROW,Papua New Guinea,PNG,3.97358414101703,2.16255359076841,2.73069531842616,2.75965370863926,2.79019946549633,2.8339133185399,2.87078487376723,2.84304920944562,2.81693713501262,2.81446932487408,2.84387580881647,..
Urban population growth (annual %),SP.URB.GROW,Paraguay,PRY,4.2529370737801,3.09433714124487,1.91570893664553,1.90435002356188,1.87056275379774,1.85382433764841,1.83114588179042,1.8420605947367,1.71286538241011,1.64868158416131,1.75576393293312,..
Urban population growth (annual %),SP.URB.GROW,Peru,PER,2.79976125318651,2.12470850860364,1.36661867164629,1.56856649014388,1.70652384258202,2.05285451466084,1.96101232098981,1.44570830991019,1.22054537935773,1.22380404491013,1.37127487648724,..
Urban population growth (annual %),SP.URB.GROW,Philippines,PHL,4.30883247079036,2.1951948362633,1.89227731588436,1.75372718356756,1.73271429215336,1.71768683143166,1.73074389719995,1.69333383387045,1.48615173414499,1.37306015828637,1.45406572564598,..
Urban population growth (annual %),SP.URB.GROW,Poland,POL,0.465870592820303,-0.973016273174752,-0.273799474051689,-0.209018844680892,-0.108901258043135,-0.0784280352345459,-0.0593988549139279,-0.165065972633049,-2.39743793034828,-0.334908198715239,-0.226071069710855,..
Urban population growth (annual %),SP.URB.GROW,Portugal,PRT,0.881671075947156,1.91610690404258,0.500060471337961,0.581102100756801,0.635424721292054,0.700805447488415,0.868176935448447,0.931922017607257,1.43641325583607,1.48993226353809,2.14526730371676,..
Urban population growth (annual %),SP.URB.GROW,Puerto Rico,PRI,2.00145645456832,0.370913652828193,-1.7880390243471,-1.95848440829816,-2.43405340742061,-4.05798859157931,0.00849952015032448,2.71932748338036,-0.56474650852934,-1.2944217353424,-0.423241126054366,..
Urban population growth (annual %),SP.URB.GROW,Qatar,QAT,3.93900625654515,5.38251544675094,8.65959925255944,5.57043002421898,2.79954549101577,1.41961489013483,2.27305260123101,5.77310138194397,-10.8841106039508,5.94728335092569,-0.0127318928783206,..
Urban population growth (annual %),SP.URB.GROW,Romania,ROU,1.52303336522846,-0.419565624342385,-0.494176791077897,-0.549538435633047,-0.511242828196256,-0.472608269777323,-0.367674303311632,-0.347574150543849,-0.497249317403162,-0.0913417481641173,0.392893885339317,..
Urban population growth (annual %),SP.URB.GROW,Russian Federation,RUS,0.16256753738119,-0.426068727524834,0.414487431579819,0.412583122782682,0.363824269502753,0.261746891833096,0.244631028977759,0.0804474985003835,-0.10322377788801,-0.096945927923472,-0.0127140524321384,..
Urban population growth (annual %),SP.URB.GROW,Rwanda,RWA,3.99412684999002,6.75562565923625,2.61105799561502,2.6753468960964,2.74930422003138,2.81722993517658,2.87176861750183,2.92744207128957,2.96806593222049,3.05759954506254,3.15883209968189,..
Urban population growth (annual %),SP.URB.GROW,Samoa,WSM,0.16197501307163,1.1942094961833,-0.366157071835051,-0.391174151025397,-0.297685911162078,-0.089742918972462,0.0237633174709279,0.0976343539355281,0.0369178844971533,-0.0237313611049235,0.0342768252469389,..
Urban population growth (annual %),SP.URB.GROW,San Marino,SMR,1.37599438037035,1.62651035306718,0.924953323138586,0.794971480356981,2.33245827277498,2.1959044364887,0.555598250139664,0.440496787718486,-1.37519431130085,-1.34888987081534,0.417448727699491,..
Urban population growth (annual %),SP.URB.GROW,Sao Tome and Principe,STP,5.10991731238979,2.90773740863711,3.15412429557509,2.98242942618363,2.82222850691617,2.69575955114442,2.59952587962085,2.89926307145435,3.0224197933387,2.84220628294698,2.84702618690468,..
Urban population growth (annual %),SP.URB.GROW,Saudi Arabia,SAU,5.79058111449853,4.75080571855737,5.45169387446195,4.01040138239131,0.339416445282487,-2.28863981248443,-0.176462600728619,5.09686994404835,-2.20270746004608,4.68009545469682,3.58926954475656,..
Urban population growth (annual %),SP.URB.GROW,Senegal,SEN,3.23167373330143,2.76539356791891,4.00335651958267,3.92030820924917,3.84217420505333,3.76286322573722,3.68972761545465,3.61242169409062,3.52689225284235,3.46267539752951,3.38673876013258,..
Urban population growth (annual %),SP.URB.GROW,Serbia,SRB,0.87147323723651,0.105872502528175,-0.308644637710971,-0.319220860868051,-0.29597606817961,-0.278572237020969,-0.237549080779022,-0.336030935281168,-0.581176359749602,-2.1259518720739,-0.200000832549186,..
Urban population growth (annual %),SP.URB.GROW,Seychelles,SYC,0.529930534114801,1.28148544485373,3.01082826987076,2.11262672564791,1.99105668034239,1.71547823651628,1.63992935453116,1.59935095670529,1.5428972566442,..,0.635085507077828,..
Urban population growth (annual %),SP.URB.GROW,Sierra Leone,SLE,4.65927334932007,3.09704466635007,3.29529411633878,3.32709391514291,3.37053327415182,3.34860415992973,3.33640254761257,3.33649361934138,3.31527033798861,3.27869652696935,3.25958985532385,..
Urban population growth (annual %),SP.URB.GROW,Singapore,SGP,3.88909360745296,1.73204223254257,1.18637693749822,1.29743609938602,0.0885954699924485,0.469704298714121,1.14428330688929,-0.311904961250821,-4.17033630017526,3.30862052439523,4.85831607781442,..
Urban population growth (annual %),SP.URB.GROW,Sint Maarten (Dutch part),SXM,6.98052078388536,-0.660731148699809,2.15537793742833,2.05501156733828,1.93416606270848,1.81943322551715,1.6805019872063,1.53087407274557,1.36356391629724,1.35708688873829,1.43721256242405,..
Urban population growth (annual %),SP.URB.GROW,Slovak Republic,SVK,1.25904359678042,-0.24377578251167,-0.110721647611686,-0.0252184502528786,0.0529274593131155,0.0919662271864974,0.140930440682143,0.143424102235349,-0.100811873040948,-0.119626404496077,0.12634581111701,..
Urban population growth (annual %),SP.URB.GROW,Slovenia,SVN,0.410625471231867,0.347322840072504,0.492566223748192,0.516600080108571,0.532404308612749,0.855189455705699,1.21011117651077,1.20824231450057,0.827932555072534,0.77222896786318,0.998898380933817,..
Urban population growth (annual %),SP.URB.GROW,Solomon Islands,SLB,4.51699876629481,4.31421909031174,5.68034118771277,5.57823049152571,5.46460272094676,5.32817211265059,4.5730476394229,4.10334490971062,4.240533866601,4.19218778832859,4.15079493229624,..
Urban population growth (annual %),SP.URB.GROW,Somalia,SOM,0.722630210502946,5.11706695090155,4.76188089740509,5.16065690575121,5.18522164819238,4.8274398680685,4.96332295025949,5.0762627364414,4.92777871144445,4.28611692712743,4.33092430657839,..
Urban population growth (annual %),SP.URB.GROW,South Africa,ZAF,3.80898729445978,1.76195934561221,2.80902715796791,1.72873031554763,1.42980933869843,2.44633963604216,2.40176716385477,2.3642890283083,2.26984532182972,2.13066233576154,2.03388201639385,..
Urban population growth (annual %),SP.URB.GROW,South Sudan,SSD,6.40341181979489,5.19540738219293,0.0645863700310462,-1.26460230873773,-4.09427488820889,0.0446307368104789,4.36187338971272,4.10122616871115,3.09925354247097,3.02549476055347,5.76846261544473,..
Urban population growth (annual %),SP.URB.GROW,Spain,ESP,0.40087871221168,0.553405611176717,0.219325482669056,0.382971718642725,0.534737452920241,0.738481167271324,1.0210350775988,0.792144591816453,0.409754083471361,1.02697615754963,1.52984434218381,..
Urban population growth (annual %),SP.URB.GROW,Sri Lanka,LKA,0.551116511408978,1.73489830832006,1.12817453869436,1.43410088369218,1.49980225904127,1.5475740945304,1.2001131645543,1.21697057013045,1.85795175912168,0.989080403392644,0.316335684381535,..
Urban population growth (annual %),SP.URB.GROW,St. Kitts and Nevis,KNA,-1.16519968387838,0.866803016430529,-0.185828884474919,-0.151671866373421,-0.103544688780503,-0.0829130151831509,-0.0414823014798104,-0.0345817342727761,-0.0207547823222466,0.159010023479118,0.441136640387724,..
Urban population growth (annual %),SP.URB.GROW,St. Lucia,LCA,1.96681825527668,0.507482456828973,0.619503901751315,0.652510779297304,0.687897296587577,0.734627795366553,0.771297246595617,0.792195823480632,0.676600598840417,0.724918453773175,0.920641887151302,..
Urban population growth (annual %),SP.URB.GROW,St. Martin (French part),MAF,..,..,..,..,..,..,..,..,..,..,..,..
Urban population growth (annual %),SP.URB.GROW,St. Vincent and the Grenadines,VCT,1.85951492478921,0.963579723435634,0.262677067614662,0.227218685704041,0.149974422726155,0.0949893208445991,0.0675336553159922,0.175010071285254,0.125599572362222,0.0109142503837478,0.0727312430919421,..
Urban population growth (annual %),SP.URB.GROW,Sudan,SDN,6.31915028032065,2.66078293859686,3.65356259642528,3.70758618724419,4.19140535908839,4.27655892191725,3.78047657303897,3.59153786524751,3.6539538387845,3.71659528836346,2.39433339837656,..
Urban population growth (annual %),SP.URB.GROW,Suriname,SUR,1.10782464147857,2.17181268972355,1.03132806260968,1.02414940521969,1.00968625757308,1.00085592842286,1.09089251389895,1.15716740477834,1.01277322391288,0.981565970556829,1.07072094716308,..
Urban population growth (annual %),SP.URB.GROW,Sweden,SWE,0.772605482754793,0.193899954777834,1.41161621630385,1.60131965237834,1.68537210192368,1.48815067487379,1.33004433880562,1.02894002235642,0.896813771764536,0.968032399844047,0.750326881306508,..
Urban population growth (annual %),SP.URB.GROW,Switzerland,CHE,0.945758640258411,0.487032192288853,1.16818639104156,1.12051359857279,0.962986439023895,0.785417652319277,0.783765811954327,0.819998209849981,0.875030737374761,0.959577009045183,1.40514072890133,..
Urban population growth (annual %),SP.URB.GROW,Syrian Arab Republic,SYR,3.65871779556589,3.20694162979622,-2.98936894659218,0.0752373818179852,1.41129506227533,3.05022237229018,5.09498145102982,4.54780238960506,3.87851993806956,4.92319727255021,6.03968265793812,..
Urban population growth (annual %),SP.URB.GROW,Tajikistan,TJK,0.672475382147718,0.249964210590513,2.88366300218388,2.94029318924611,2.9413465128331,2.96914209598947,3.00670661372963,2.99432894458311,3.0040440234803,3.0063272521799,2.96471251758313,..
Urban population growth (annual %),SP.URB.GROW,Tanzania,TZA,4.30890876128468,4.47749764065787,5.54274737644521,5.64663489179548,5.54382771134742,5.31953492532173,5.10149124289556,5.07840671077853,5.04388675640108,4.95505008233248,4.86501513882973,..
Urban population growth (annual %),SP.URB.GROW,Thailand,THA,2.51538998931617,2.46879212218384,2.04812787980584,2.01981144745553,1.96321939031438,1.81381644379207,1.68117230497934,1.61189438990908,1.53493551565301,1.39334329150934,1.30442759003356,..
Urban population growth (annual %),SP.URB.GROW,Timor-Leste,TLS,4.34887578991323,-9.89087622266174,3.16411448432701,3.11862225232604,3.09201663814323,3.12339922111826,3.13863642173532,3.10983426924962,2.99033128517416,2.59749471306908,2.27276370739766,..
Urban population growth (annual %),SP.URB.GROW,Togo,TGO,4.38222325364505,4.1245615893502,3.82836660477874,3.82212209557266,3.80476750710732,3.77516741740358,3.74429401333295,3.71057746614478,3.67357839628373,3.64283554112382,3.62064997423364,..
Urban population growth (annual %),SP.URB.GROW,Tonga,TON,0.438315624374882,0.739139340611607,-0.71019586697614,-0.768312078404105,-0.388429395664215,0.0368633398264026,-0.00819067901186828,0,-0.184467862676614,-0.332902101416091,-0.272075359525708,..
Urban population growth (annual %),SP.URB.GROW,Trinidad and Tobago,TTO,1.18949717720412,0.624591608267927,0.144762602833249,0.183259826184469,0.117553623112218,0.148961382040986,0.357652196842921,0.251385090037243,0.156761055349018,0.0123545763567022,0.310285151883826,..
Urban population growth (annual %),SP.URB.GROW,Tunisia,TUN,3.51471096684036,1.73737177809308,1.54690506989533,1.52775666791203,1.48331166586755,1.42283028464077,1.37412838662804,1.28239622160624,1.07971765051364,1.05054654870586,1.13581729661563,..
Urban population growth (annual %),SP.URB.GROW,Turkiye,TUR,4.0992936668445,2.08630409261451,2.06219629521225,2.05340414434818,1.9823437336321,2.01988490054383,2.07570312325182,1.59648082414676,1.51827751324798,1.5744667681167,0.977319087907462,..
Urban population growth (annual %),SP.URB.GROW,Turkmenistan,TKM,2.45497675887385,2.48377246469117,3.07622864753823,3.10803685448471,3.11960880099085,3.11239833462844,3.08358317672546,3.0178063508284,2.93807005329738,2.86074716913275,2.78671132061237,..
Urban population growth (annual %),SP.URB.GROW,Turks and Caicos Islands,TCA,6.53905355121645,5.21045671327199,4.71410565193426,4.9145677593808,4.40935498033429,4.34466311498326,4.07444541022734,3.04979164129277,2.1548196272779,1.55429616974714,0.9739512470586,..
Urban population growth (annual %),SP.URB.GROW,Tuvalu,TUV,4.83988513098114,1.39862419747399,1.39948458645585,1.21434400554279,0.901177621808393,0.283688133519976,-0.268737098132915,-0.479545351770448,-0.799340656068497,-0.866859659892723,-0.68971075772407,..
Urban population growth (annual %),SP.URB.GROW,Uganda,UGA,7.01579279426136,5.93538939516014,5.62599428833457,5.84645066148782,5.98745448348285,5.85868319800679,5.83041674561527,5.73847972363568,5.58979415077185,5.35144998220451,5.11342751924302,..
Urban population growth (annual %),SP.URB.GROW,Ukraine,UKR,0.320576030573013,-0.785416684809812,-0.273898281981781,-0.233175337058866,-0.26416449143228,-0.34819232769715,-0.383424544577073,-0.424907310449944,-0.643404510707736,-7.38735268313568,-8.17160674810857,..
Urban population growth (annual %),SP.URB.GROW,United Arab Emirates,ARE,5.69520026836375,7.26802739482404,5.73341141444288,5.26954415492494,3.50246510916911,1.64705938819708,1.36262455754539,-0.176860052114908,2.12305709400165,5.36744888416396,4.24639364448934,..
Urban population growth (annual %),SP.URB.GROW,United Kingdom,GBR,0.234964714351841,0.433615661051976,1.10874798285391,1.07205162087653,0.988958891589791,0.912161082441796,0.868230886876796,0.665362493050561,0.214393681077909,1.42635008254294,1.10990162254342,..
Urban population growth (annual %),SP.URB.GROW,United States,USA,1.41025628541903,1.51201139138713,0.966674782180289,0.958268060593122,0.871785260117191,0.767437430461766,0.701867775195684,1.21729941339409,0.409854418961213,0.62175541926729,0.749164335006072,..
Urban population growth (annual %),SP.URB.GROW,Uruguay,URY,0.969171863784549,0.684111157999305,0.452769902399013,0.438040155143324,0.371387624649187,0.278403154899064,0.175147695355527,0.14506019643278,0.025193005347708,-0.0814844194974861,0.00314354150179707,..
Urban population growth (annual %),SP.URB.GROW,Uzbekistan,UZB,3.55015263796424,2.31327965346022,1.52972188907022,1.52838533848808,1.4967914500076,1.58453530802977,1.72056072159393,1.83458905598137,1.96003031948805,2.08729768303606,2.15184324693772,..
Urban population growth (annual %),SP.URB.GROW,Vanuatu,VUT,4.01681123535767,3.64988368917937,2.62829824133867,2.62846549911845,2.73537894001601,2.83468483171123,2.80510449856321,2.8413608506806,2.86481458184554,2.90636021649692,2.94208790616535,..
Urban population growth (annual %),SP.URB.GROW,"Venezuela, RB",VEN,2.97738077391213,2.23357206388252,1.06314891807255,0.637680708857249,-0.633080073501269,-2.48195423916124,-2.92414129440981,-1.67771711429792,-0.675658604017843,-0.0279096850824344,0.378718150452104,..
Urban population growth (annual %),SP.URB.GROW,Viet Nam,VNM,3.91699233551035,3.4412520862476,3.31382377529812,3.31209211580795,3.26082571268108,3.09302189027882,2.92302367743811,2.8526498848033,2.75773275966557,2.60975154685066,2.49649158153454,..
Urban population growth (annual %),SP.URB.GROW,Virgin Islands (U.S.),VIR,3.5677196286474,0.426410138693815,-0.0146041544210766,-0.0457734998910416,-0.0896598832113406,-0.138546069208728,-0.194483190622117,-0.243882254311271,-0.290692169424397,-0.332975708845254,-0.377661127675146,..
Urban population growth (annual %),SP.URB.GROW,West Bank and Gaza,PSE,..,2.86415437260134,2.62940953806647,2.59047422456446,2.3398089806951,2.88811868523477,2.87351814806851,2.8508765124279,2.8265248603175,2.79885850455044,2.76907182296882,..
Urban population growth (annual %),SP.URB.GROW,"Yemen, Rep.",YEM,6.48694704066748,5.05754198861355,4.81571316559964,4.76074719380445,4.75432394733399,4.68356068758087,4.67374511625868,4.56250268542107,4.41327632913929,4.52517075305494,4.63729695553294,..
Urban population growth (annual %),SP.URB.GROW,Zambia,ZMB,2.43781470777835,1.50874183150997,4.38082519680155,4.35322716429121,4.32730657968488,4.26619083365028,4.21972768165468,4.16008299579623,4.06896700179724,4.01486373051735,4.04060673651005,..
Urban population growth (annual %),SP.URB.GROW,Zimbabwe,ZWE,5.30357976230108,2.14234113764789,0.973170286428678,1.11301216125103,1.26000425085309,1.40052553574002,1.5666383170706,1.75863948119156,1.91503616007427,1.99060871969528,2.05298225293238,..
Urban population growth (annual %),SP.URB.GROW,Africa Eastern and Southern,AFE,5.01637818310292,3.63817080161486,4.20873837120928,4.08358078103628,4.07909896019967,4.21532510719319,4.16437856368108,4.14743489189905,4.10356549905143,4.04111557190483,3.94845245021705,..
Urban population growth (annual %),SP.URB.GROW,Africa Western and Central,AFW,4.74918588809739,4.18546453375892,4.20176157040777,4.13969815509505,4.06143634731609,3.93582227615185,3.81453960956424,3.73468315574893,3.67576050453444,3.62058823806284,3.62682536302485,..
Urban population growth (annual %),SP.URB.GROW,Arab World,ARB,4.35226289278134,2.9728453264438,3.24538698590156,2.93032589803515,2.39753056340133,2.0534787413832,2.24071614074211,2.63778518018354,1.81444499370163,3.00661129805127,2.86263394244703,..
Urban population growth (annual %),SP.URB.GROW,Caribbean small states,CSS,0.892838258243515,1.13683108335513,0.929314770669578,0.913148459793661,0.894517031859522,1.23196482687599,1.07911064415829,0.749581595394488,0.820336081264017,0.916129549706767,1.01613371774351,..
Urban population growth (annual %),SP.URB.GROW,Central Europe and the Baltics,CEB,0.288136104005659,-0.608882078841546,-0.200207964947964,-0.198975573988363,-0.158402652101998,-0.0742438149231504,0.0154385655021656,-0.0326682163806709,-1.14734313325248,-0.111358465220661,0.159566772722528,..
Urban population growth (annual %),SP.URB.GROW,Early-demographic dividend,EAR,3.81561364186757,2.79494497676494,2.34593496604801,2.26966365537837,2.15178988830532,2.09336990572365,2.11506023818183,2.14120391091302,1.93685589318864,2.08808926053521,2.12631138471784,..
Urban population growth (annual %),SP.URB.GROW,East Asia & Pacific,EAS,3.49257279165238,2.95297870201099,2.32455530260694,2.2801630368662,2.24346421585508,2.0880919478181,1.94626288816686,1.76755649186342,1.52460286044996,1.43888145379287,1.42078859891217,..
Urban population growth (annual %),SP.URB.GROW,East Asia & Pacific (excluding high income),EAP,4.27107790553653,3.59671204677132,2.71382350933705,2.6514309031981,2.61128500000842,2.41798345282021,2.24473101690327,2.06648322691257,1.85257948568078,1.70519237612076,1.58577297274715,..
Urban population growth (annual %),SP.URB.GROW,East Asia & Pacific (IDA & IBRD countries),TEA,4.34405760333567,3.65750634076561,2.74270023578713,2.67858802808416,2.63730723108262,2.44085715671226,2.26492721471855,2.08413165530293,1.86697287109399,1.71721955324671,1.59622634466348,..
Urban population growth (annual %),SP.URB.GROW,Euro area,EMU,0.676292914357802,0.57672454224307,0.571352079970254,0.564573949911392,0.488176025883249,0.521246793343778,0.415888224479716,0.441531359500715,0.356645353825712,0.752271939834756,0.611847936356071,..
Urban population growth (annual %),SP.URB.GROW,Europe & Central Asia,ECS,0.737488172440067,0.321509591573928,0.710199751974841,0.711314983772297,0.661119830465566,0.652206831830227,0.615483328263892,0.527349225952307,0.297625632554201,0.366064859479451,0.278830913171518,..
Urban population growth (annual %),SP.URB.GROW,Europe & Central Asia (excluding high income),ECA,1.85827205691594,0.843474165337497,1.26119745681589,1.27352196067115,1.22988147389562,1.23817588560175,1.28072746980175,1.08338109904112,0.976934093981384,-0.255600819570219,-0.431758131354286,..
Urban population growth (annual %),SP.URB.GROW,Europe & Central Asia (IDA & IBRD countries),TEC,0.954639415184971,0.106371972768898,0.73081616368809,0.742583188329064,0.711072375595023,0.688067849795715,0.714914512818027,0.554490155637268,0.266407999989113,-0.244366389624929,-0.267939215941809,..
Urban population growth (annual %),SP.URB.GROW,European Union,EUU,0.585935020333793,0.340685377284402,0.475973369087086,0.478276302850844,0.429217735084976,0.457567067911157,0.37649647731628,0.376734494856265,0.0987611743197334,0.608573512995036,0.529724602160769,..
Urban population growth (annual %),SP.URB.GROW,Fragile and conflict affected situations,FCS,4.15843861197381,2.8948890979041,3.18673403244381,3.17292564607088,3.13502481867913,3.03828135903086,3.03724222615132,3.12470944379686,3.15503180426748,2.74790566464861,2.83470367333929,..
Urban population growth (annual %),SP.URB.GROW,Heavily indebted poor countries (HIPC),HPC,4.49467350080694,3.88127827182045,4.26090430758231,4.3038036634579,4.34169321023583,4.25681025326926,4.16943356379437,4.15055127824655,4.09486475931249,4.0134966651828,3.98743079014056,..
Urban population growth (annual %),SP.URB.GROW,High income,HIC,0.933871972312389,0.761422004977192,0.840835646431984,0.815060085423397,0.655878253814237,0.541574184291463,0.543171653782196,0.68814643523271,0.0633822255484091,0.686295028916334,0.800902994977221,..
Urban population growth (annual %),SP.URB.GROW,IBRD only,IBD,3.04897100351698,2.50269075786301,2.19017553814831,2.12331807222563,2.0812205576711,1.98493932085523,1.8846343915905,1.75176054652727,1.57902996846686,1.46778283829735,1.45206670578841,..
Urban population growth (annual %),SP.URB.GROW,IDA & IBRD total,IBT,3.24630226488385,2.68590021390239,2.43033734735378,2.38795509533556,2.36296796081668,2.29074874331745,2.21611212671189,2.11303852829671,1.97282835956445,1.88397034803344,1.87859192880512,..
Urban population growth (annual %),SP.URB.GROW,IDA blend,IDB,4.74176989718676,3.68994862544585,3.19457756158063,3.11496160164175,3.11928982300083,3.14271001328967,3.12426255988167,3.1424933441667,3.15645465469909,3.11174523229103,3.05272306796039,..
Urban population growth (annual %),SP.URB.GROW,IDA only,IDX,4.25488731992422,3.665192245307,3.69338049786141,3.82776963351947,3.87720430833696,3.88115764211865,3.91164041604286,3.89298711424925,3.82584839559121,3.80241908086849,3.83939459882374,..
Urban population growth (annual %),SP.URB.GROW,IDA total,IDA,4.44537820660733,3.67487931920387,3.49850290725695,3.55010005914909,3.5832044786483,3.59599203681206,3.60890988434438,3.60578748824916,3.57082969095505,3.5403460370139,3.54213129542535,..
Urban population growth (annual %),SP.URB.GROW,Late-demographic dividend,LTE,2.78158342746582,2.46770738828799,2.19458142468561,2.1423790225863,2.11447637877949,1.95025162495708,1.81012050334498,1.63131541121413,1.38375558332413,1.37330266679989,1.28138779590215,..
Urban population growth (annual %),SP.URB.GROW,Latin America & Caribbean,LCN,2.7111365732337,2.07703363898486,1.30775125278954,1.26610378626526,1.21558390433873,1.14213240653234,1.10770384447569,1.02549519064412,0.876206992200636,0.890330256521921,0.981951102833165,..
Urban population growth (annual %),SP.URB.GROW,Latin America & Caribbean (excluding high income),LAC,2.76218783664895,2.11884014460711,1.35686249417878,1.33006027386458,1.3400128225155,1.36577136578127,1.32400655829012,1.16670475880605,0.98292314485758,0.966010652899456,1.03698205260774,..
Urban population growth (annual %),SP.URB.GROW,Latin America & the Caribbean (IDA & IBRD countries),TLA,2.7485513165234,2.12821322214347,1.3539969086045,1.31156138958444,1.26321609926111,1.19676522817014,1.13628593695852,1.03603174327884,0.906775221956806,0.926018440891326,1.01049739880017,..
Urban population growth (annual %),SP.URB.GROW,Least developed countries: UN classification,LDC,4.60512864294506,3.87177070412802,4.07457940674381,4.10392906638393,4.11514867528399,4.06699399354315,4.04024256163787,4.03413590207977,3.97180863403702,3.91602659102239,3.92015193552548,..
Urban population growth (annual %),SP.URB.GROW,Low & middle income,LMY,3.68090767144542,2.94238680205086,2.55451921888312,2.50967994223745,2.49109535140614,2.43029236578765,2.3518802933622,2.23936019303299,2.1053018520083,1.99155380408264,1.9748657917068,..
Urban population growth (annual %),SP.URB.GROW,Low income,LIC,4.22055481379542,3.6879921753316,3.71915313129298,3.97250106979874,4.12685324882744,4.2018704655608,4.28164796007265,4.25699109112479,4.17012783902086,4.13780236870865,4.2034155875873,..
Urban population growth (annual %),SP.URB.GROW,Lower middle income,LMC,4.03048898309729,2.96146571608344,2.82125103266624,2.7536160525438,2.71863639588862,2.68301940122777,2.64718615661981,2.62662434907153,2.55744816575051,2.53420288503034,2.58272971178761,..
Urban population growth (annual %),SP.URB.GROW,Middle East & North Africa,MEA,4.18534806287579,2.8689703815042,2.89793855843128,2.63753981460087,2.16436334217572,1.83764774447135,1.96609981878943,2.22689744836524,1.53576061177993,2.64138951029354,2.59417553388764,..
Urban population growth (annual %),SP.URB.GROW,Middle East & North Africa (excluding high income),MNA,4.58570313241245,2.64557378434087,2.4138296709686,2.2903038236547,2.23022923124067,2.2372413993654,2.21568756738128,2.09142597145777,2.07477639695972,2.23660232263809,2.33092675172841,..
Urban population growth (annual %),SP.URB.GROW,Middle East & North Africa (IDA & IBRD countries),TMN,3.42041611815598,2.6420950818207,2.4103015755546,2.28558695169268,2.22828576442022,2.2274094318491,2.20569477034753,2.07991150890572,2.06329218110137,2.22780828781903,2.32391703096506,..
Urban population growth (annual %),SP.URB.GROW,Middle income,MIC,3.6516504272232,2.8984460580686,2.47507433736575,2.40868295148185,2.37643376510917,2.30398695084517,2.21174431556355,2.08987663428451,1.94907428346079,1.82562791842355,1.7986650302316,..
Urban population growth (annual %),SP.URB.GROW,North America,NAC,1.4327535286599,1.51250621690511,0.955422129378618,0.985201643917108,0.914335146596073,0.845412205168557,0.790719015655299,1.22098858829227,0.436813281204934,0.758916131142115,0.995329158967678,..
Urban population growth (annual %),SP.URB.GROW,Not classified,INX,..,..,..,..,..,..,..,..,..,..,..,..
Urban population growth (annual %),SP.URB.GROW,OECD members,OED,1.28557433776102,1.03653791249749,0.861662652743817,0.871929941830786,0.843600946093062,0.847014401134231,0.798814445245412,0.817476986028055,0.404974010468194,0.755423591134857,0.794395112538496,..
Urban population growth (annual %),SP.URB.GROW,Other small states,OSS,2.94569359672083,1.4114468528208,1.94058347964466,1.88758165635383,2.23270917509744,1.4268857294621,1.19085456631494,1.1433465388982,1.51293641830614,1.72883824756802,2.03308509496117,..
Urban population growth (annual %),SP.URB.GROW,Pacific island small states,PSS,2.71566876309501,2.17381500678636,1.79010937424596,1.76843348386353,1.73082115271608,1.67826796501294,1.51197057742721,1.59684100561859,1.72667397155857,1.7686871732129,1.88856154290849,..
Urban population growth (annual %),SP.URB.GROW,Post-demographic dividend,PST,0.946386980638152,0.791824758437599,0.655796614597364,0.666278169132099,0.59802788043342,0.576253803716952,0.520835632813089,0.602908427063809,0.160669678552566,0.324538878933993,0.438969959556502,..
Urban population growth (annual %),SP.URB.GROW,Pre-demographic dividend,PRE,4.52186328512094,4.07689224663027,4.30931911609009,4.27514682756178,4.25528231695826,4.17720817189051,4.08551034204187,4.03407819321571,3.97016313222881,3.90042838666666,3.87596986246628,..
Urban population growth (annual %),SP.URB.GROW,Small states,SST,2.57700493886979,1.43738938313982,1.78466847988466,1.74093142027178,2.00089562509824,1.4239753995366,1.20595322033657,1.13275816500374,1.43948927723427,1.62327648407637,1.88339008934322,..
Urban population growth (annual %),SP.URB.GROW,South Asia,SAS,3.42258643966605,2.87420113909749,2.46140678195555,2.45284385471476,2.45839017569023,2.45388800324172,2.44621756111488,2.43566206475097,2.33783352615052,2.29987322008131,2.37742326308621,..
Urban population growth (annual %),SP.URB.GROW,South Asia (IDA & IBRD),TSA,3.42258643966605,2.87420113909749,2.46140678195555,2.45284385471476,2.45839017569023,2.45388800324172,2.44621756111488,2.43566206475097,2.33783352615052,2.29987322008131,2.37742326308621,..
Urban population growth (annual %),SP.URB.GROW,Sub-Saharan Africa,SSF,4.89563819562213,3.88574657712077,4.20543990796851,4.11011078624956,4.07074642429548,4.0831618423617,3.99919094487962,3.95288703228402,3.90234564555098,3.84375014179736,3.79782810810734,..
Urban population growth (annual %),SP.URB.GROW,Sub-Saharan Africa (excluding high income),SSA,4.89672308552234,3.88625526943321,4.20559149006019,4.11036850564035,4.07101010015391,4.08345708341631,3.99947863480573,3.95316762554801,3.90262071757633,3.84170997076635,3.79825221006126,..
Urban population growth (annual %),SP.URB.GROW,Sub-Saharan Africa (IDA & IBRD countries),TSS,4.89563819562213,3.88574657712077,4.20543990796851,4.11011078624956,4.07074642429548,4.0831618423617,3.99919094487962,3.95288703228402,3.90234564555098,3.84375014179736,3.79782810810734,..
Urban population growth (annual %),SP.URB.GROW,Upper middle income,UMC,3.43455858289138,2.86207877104809,2.26466511440991,2.19788853611117,2.1661708103741,2.06983491326353,1.94112865601832,1.75399165582917,1.56510230810001,1.37404503993493,1.2932530440376,..
Urban population growth (annual %),SP.URB.GROW,World,WLD,2.61135318283002,2.20628867599714,2.07427416126806,2.03779146658638,1.97890803778506,1.89947087291706,1.84774307625941,1.81693153336468,1.5695864427004,1.65290080120657,1.67445905606559,..
,,,,,,,,,,,,,,,
,,,,,,,,,,,,,,,
,,,,,,,,,,,,,,,
Data from database: World Development Indicators,,,,,,,,,,,,,,,
Last Updated: 04/15/2025,,,,,,,,,,,,,,,
